case_id,incident_text,gold_objects,labeler
251121018,C/O CHEST WALL PAIN AFTER GROUND LEVEL FALL TO FLOOR,,
250178338,INJURED BACK WHEN SHOVELING SNOW.,,
250814550,WAS FOUND FACE DOWN ON THE FLOOR AFTER AN UNWITNESSED FALL AT NURSING FACILITY.,,
250409579,"FELL OUT OF A CHAIR AT HOME, NO INJURY FROM THE FALL BUT SON TOOK HER TO THE ED",,
250927366,FELL FROM HIS WHEELCHAIR ONTO THE FLOOR AND HIT HIS HEAD AND RIGHT KNEE,,
250463441,"PRESENTS WITH AN ARM INJURY SUSTAINED DURING A SLEEPWALKING EPISODE. SHE REPORTS RUNNING INTO A PIECE OF FURNITURE, POSSIBLY A NIGHTSTAND, AND SUBSEQUENTLY FALLING TO THE FLOOR. SHE HAS A SKIN TEAR ON HER UPPER ARM AND ADDITIONAL COMPLAINTS OF CHEST PAIN UPON PALPATION AND A RED MARK ON HER HEAD.",,
260135414,"BROUGHT IN AFTER A SYNCOPAL EPISODE WITH A FALL IN HIS HOME, WIFE REPORTS FELL HITTING AND LANDING IN THE BATHTUB. HIT HIS HEAD AND HAD HEAD PAIN.",,
250730509,PUNCHED A WALL.,,
250722698,WAS PLAYING SOCCER AND WAS HIT IN THE FACE WITH A SOCCER BALL AT CAMP,,
250705531,C/O L EAR PAIN X 3 DAYS. MOTHER STATES THAT THE CHILD HAS BEEN IN THE SWIMMING POOL ALL WEEK.,,
251215867,PRESENT WITH RIGHT LEG PAIN FROM A BASKETBALL INJURY. SHE LANDED ON HER RIGHT KNEE AND THEN SOMEONE LANDED ON TOP OF HER.,,
251124902,"""KICKED/TAPPED BY A HORSE"" TO THE RIGHT UPPER ARM WHEN ATTEMPTING TO HAVE THE HORSE PERFORM TRICKS. PT WEARING A HELMET",,
250426329,AUNT HAS A MINI FRIDGE IN HER ROOM WITH A COFFEE MAKER ON TOP. THE COFFEE MAKER WAS ABOUT HALF FULL OF HOT COFFEE. PT TRIED TO OPEN THE MINI FRIDGE TO GET A BOTTLE OF WATER AND THE COFFEE POT FELL ONTO HIM AND BROKE.,,
250113038,PRESENTS HERE WITH MOTHER AFTER SUFFERING HAND BURN. MOTHER REPORTS THAT CHILD TRIPPED IN THE GARAGE AND FELL INTO A HOT WATER HEATER BURNING THE PALM OF THE RIGHT HAND A LITTLE BIT ON THE LEFT HAND. WENT TO AN URGENT CARE AND WERE REFERRED HERE.,,
250341687,PATIENT REPORTS THAT HE STEPPED INTO HIS SHOES WITH WET FEET AND DEVELOPED WOUNDS.,,
250325858,"PRESENTS WITH A WITNESSED FALL FROM BED. PT HAD + HEAD STRIKE, NO LOC, NO N/V. BED IS ABOUT 3FT OFF THE GROUND, PT WAS JUMPING ON THE BED AND HIT HIS HEAD ON THE WOODEN BED FRAME. HAD INJURY TO LEFT SIDE OF SCALP AND HE WAS DIZZY AND SLEEPY, HEMATOMA,",,
250716441,FELL AND HIT HER CHIN OFF OF A CONCRETE OF THEIR INGROUND POOL,,
251035364,WAS MAKING NOODLES WITH BROTHER AT HOME WHEN HE PULLED HOT WATER OUT OF THE MICROWAVE AND IT SPILLED ON HIS CHEST.,,
251023312,PRESENTS WITH A HEAD LACERATION AFTER RUNNING INSIDE HER HOME AND HITTING HER HEAD ON THE MARBLE COUNTERTOP.,,
250801361,PRESENTS WITH FOREARM DISLOCATION THAT WAS POSITIONED INTO PLACE IN ER S/P FALL OFF COUCH TO FLOOR WHILE PLAYING AT HOME.,,
251133565,WHO PRESENTS WITH COMPLAINT OF LACERATION TO RIGHT DISTAL INDEX FINGER. PATIENT REPORTS CUTTING VEGETABLES WITH A KITCHEN KNIFE AND CUT HERSELF ACCIDENTALLY.,,
251106708,REPORTS WITH FOOT INJURY WHILE PLAYING SOCCER AND STRUCK HIS FOOT AGAINST ANOTHER PLAYER.,,
250817041,"PT STRUGGLED TO GET OUT OF BED, SLID TO THE FLOOR",,
251021295,FELL ONTO THE FLOOR AT HOME.,,
250211083,CHASING FRIEND IN PE WHEN SHE TRIPPED AND HOT HEAD ON THE CEMENT -,,
250152181,PICKED UP BY A BOY AT SCHOOL AND DROPPED TO THE FLOOR.,,
250459820,C/O FALL S/P AT 7 PM THE PATIENT FELL OFF OF THE COUCH LANDING ONTO THE RIGHT SIDE OF HIS HEAD AND CREATING AN ACUTE ANGLE WITH HIS NECK.,,
250738911,WAS PLAYING WITH PLASTIC WATER GUNS IN A SWIMMING POOL AND WAS ACCIDENTALLY HIT IN THE RIGHT EYE,,
260124052,PRESENTS AFTER SHE WAS PLAYING WITH HER SISTER WHEN SHE HIT HER HEAD ON THE SIDE OF A CABINET.,,
250635428,"TRIPPED AND FELL WHILE PLAYING SOCCER, INJURING HIS SHOULDER",,
250806162,PRESENT TO ED AFTER DIRT BIKE ACCIDENT. PT WAS WEARING PPE + HELMET. HE WENT OVER A JUMP LANDED AWKWARDLY FELL OFF BIKE R THIGH HIT THE HANDLEBARS LANDED ON L SHOULDER CONTINUED TO ROLL INJURING R HAND TOO. C/O L SHOULDER/R WRIST/R THIGH PX,,
250270998,PRESENTS WITH LEFT INDEX FINGER PAIN AFTER PULLING DOWN ON HER LANYARD SHE IMBEDDED THE CLIP INTO HER FINGER AND CANNOT GET IT OUT,,
250464845,PT RUNNING 2 DAYS AGO & TRIPPED ON A PIECE OF ROPE,,
250925836,"PLACED IN A BATH SEAT IN THE BATHTUB. MOTHER STEPPED OUT OF THE BATHROOM FOR APPROXIMATELY 1-2 MINUTES WHILE THE TUB WAS FILLING. ON RETURN, ~4.5 INCHES OF WATER PRESENT; PT WAS OUT OF THE SEAT WITH FACE PARTIALLY SUBMERGED, EYES CLOSED, AND LIPS CYANOTIC",,
250253346,"BROUGHT BY AMBULANCE, COMING IN FROM HOME AFTER SHE FELL OUT OF BED TWICE TODAY, UNKNOWN IF STRUCK HEAD, EXAM NOTES BRUISING TO LEFT ARM, NO CURRENT THINNERS,",,
251131393,"PRESENTING TO ED FOR ""BUMP"" TO LEFT SCALP X 2 WHICH SHE NOTED ABOUT THREE DAYS AGO. PT REPORTS HAVING TWISTS DONE ON HER HAIR ONE WEEK AGO AND THINKS THE TWISTS MAY HAVE BEEN ""TOO TIGHT"" CAUSING INFLAMMATION AROUND THE SCALP.",,
251004551,FOOT PAIN. HE WAS WORKING OUT WHEN A WEIGHT FELL ON HIS FOOT.,,
251018788,CAUGHT WRIST IN DOOR C/O PAIN,,
250938198,FELL FROM BED IN DAD'S ROOM. SHE FELL ONTO THE CARPETED FLOOR,,
250428574,WAS GETTING INTO BED WHEN HE JAMMED HIS RIGHT FIFTH FINGER,,
250344572,HIT HER ELBOW ON A COUNTERTOP.,,
250711004,"NOTICED THAT WHILE HE WAS BRUSHING HIS HAIR TODAY, HE STARTED HAVING PAIN ON THE RIGHT SIDE OF HIS SCALP.",,
250313821,WITH FACIAL TRAUMA. REPORTS THAT HER DAUGHTER DID A CART WHEEL 3 DAYS AGO AND KICKED HER TO THE FACE.,,
250220682,"PT GOT ANGRY DURING A PANIC ATTACK & PUNCHED A WALL WITH RIGHT HAND, + BRUISING",,
250534757,PRESENTS WITH A LACERATION TO HER LEFT-HAND 2ND FINGER SHE SAYS SHE SUSTAINED WHILE CUTTING CHICKEN.,,
250330285,"WAS JUMPING ON THE TRAMPOLINE EARLIER TODAY AT HOME WHEN SHE FELL, PARENTS DID NOT WITNESS.",,
250705259,"PARENTS DISCOVERED THAT THE MULTIVITAMINS+FLORIDE BOTTLE WAS EMPTY AND THEY THOUGHT THAT PATIENT HAS TAKEN IT, TOOK A NAP IN HER USUAL TIME AND WAS DIFFICULT TO AROUSE AFTER SHE SLEPT LONGER THAN HER USUAL HOUR OF NAP AND ALSO NOTICED DISCOLORATION TO HER TONGUE, ACTING AT BASELINE ON ARRIVAL,",,
251133425,ACCIDENTALLY CUT L INDEX FINGER ON KNIFE,,
251022116,"TRIPPED OVER THE CAT AND FELL FORWARD CUTTING HAND ONTO A METAL SPINDLE, NO LOC,",,
250371203,FELL TO CARPETED FLOOR. LANDED ON SHOULDER.,,
250237312,SLIPPED AND FELL IN THE SHOWER.,,
250822639,"TRIPPED AND FELL WALKING UPSTAIRS STRIKING HEAD ONTO A DOOR WITHOUT LOSS OF CONSCIOUSNESS RESULTING IN FOREHEAD LACERATION,",,
251113183,"PRESENTS AFTER A FALL FROM A SCOOTER. THE INCIDENT OCCURRED WHEN THE SCOOTER ABRUPTLY STOPPED ON A BUMPY ROAD, CAUSING HER TO BE THROWN FORWARD. SHE WAS WEARING A HELMET. THE PRIMARY COMPLAINT IS PAIN AND BRUISING OVER THE LEFT PROXIMAL TIBIA, WITH ADDITIONAL PAIN LOCALIZED TO ABRASION ON THE LEFT KNEE.",,
251021017,OPENING A BAG WITH A KNIFE AND SLICED FINGER.,,
250247569,"TODAY AT DAYCARE, HE FELL TO THE FLOOR AND BIT HIS TONGUE",,
250356839,"TO ER FOR RIGHT EYE INJURY, PT WAS ACCIDENTALLY HIT IN RIGHT EYE W/ A BROOM STICK,",,
250727951,"TRIPPED AND FELL INTO A DOOR FRAME THIS MORNING, C/O RT FOOT PAIN, IMAGING NEGATIVE,",,
250541208,C/O ELBOW LACERATION AND PELVIC FRACTURE S/P FALL ON A STEP AT HOME.,,
250319245,BURNED LEFT INDEX FINGER ON BOILING WATER 2 WEEKS AGO AND IT IS NOT HEALING WELL.,,
250636210,WHO PRESENTED WITH RIGHT FOOT PAIN. PATIENT DENIES ANY TRAUMA BUT STATES THAT SHE HAS BEEN WEARING A NEW PAIR OF SHOES THAT HAVE BEEN UNCOMFORTABLE AND HAS CAUSED A BRUISE ON HER FOOT.,,
250634386,C/O LOW BACK PAIN AFTER FELL INTO A WALL HIT THE CABLE OUTLET,,
250223492,"TO ED WITH C/OP OF LOW BACK PAIN AFTER LIFTING AT GYM,",,
251028968,WAS EXERCISING AND DEVELOPED PAIN DOWN LOWER BACK,,
250375303,RESTRAINED DRIVER OPERATING A MOTOR VEHICLE THAT RAN OFF THE ROAD AND HIT A POLE.,,
250810332,FELL JUMPING ON A TRAMPOLINE.,,
250718649,WHO PRESENTED WITH A MINOR HEAD INJURY AFTER ACCIDENTALLY FALLING FROM BED.,,
250450841,R LOWER BACK PAIN WORKING ON GO-CART,,
250418075,FELL DOWN THE STAIRS INJURED HEAD,,
250725325,"C/O HEAD INJURY S/P PER MOTHER, PATIENT FELL OFF ROCKING CHAIR WHILE PLAYING WITH HIS SISTER AND HIT THE BACK OF HIS HEAD ON THE CEMENT.",,
250800505,TWISTED TO PICK UP A LAUNDRY BASKET TODAY AND EXPERIENCED ACUTE RIGHT LOWER BACK PAIN.,,
250509803,"WAS TRYING TO GRAB JELLY IN REFRIGERATOR WHEN HER DOG LICKED HER LEG, CAUSING HER TO BECOME STARTED AND HIT HEAD ON FREEZER DOOR.",,
250721418,"C/O FALL; NAUSEA; LOSS OF CONSCIOUSNESS S/P STATES THAT SHE WOKE FROM A NAP, PROCEEDED TO WALK TO THE BATHROOM AND LOST CONSCIOUSNESS AND FELL TO THE FLOOR. SHE REMEMBERS WAKING UP ON THE FLOOR.",,
251000913,WAS PLAYING IN A FOOTBALL GAME WHEN HE FELL TO THE GROUND AND ANOTHER PLAYER STEPPED FORCEFULLY ON HIS LOWER PELVIC REGION.,,
250921115,HE HAS CONCERNS OF FOREIGN BODIES UNDERNEATH THE SKIN ON HIS HANDS TORSO AND FEET AFTER CONTACT WITH A PRICKLY BUSH SEVERAL DAYS AGO AFTER PT HAD BEEN RUNNING WITH NO SHOES ON,,
250513010,PRESENTS AFTER HE SLIPPED AND FELL TO THE THE FLOOR IN HIS HOME AND HAS BEEN ON THE FLOOR SINCE. WAS FOUND AFTER BEING ON THE FLOOR FOR 20 HOURS.,,
251102684,WAS PLAYING SOCCER AND GOT KOCKED DOWN. FELL ON TO R ARM WITH HIS HAND OUTSTRETCHED.,,
250823281,COMING FROM NURSING HOME S.P SEIZURE AND FALL. FOUND LYING ON FLOOR OF CAFETERIA IN BUILDING OF RESIDENCE. BYSTANDERS STATE PATIENT STARTED SHAKING FOR ABOUT 5 MINUTES AND FELL TO THE FLOOR. NO INJ NOTED,,
250608338,WAS USING A POWER DRILL ON CONCRETE WHEN A PIECE OF CONCRETE FLEW INTO HIS RIGHT EYE,,
250374553,"FELL ASLEEP NEAR A SPACE HEATER, PROSTHETIC LEG AND STUMP BURN,",,
251132345,FROM THE ASSISTED LIVING FACILITY HAD A FALL OUT OF BED,,
250735630,TO ER FOR RIGHT FOOT & LESSER TOE PAIN WHEN PT WAS GETTING OFF A LADDER INTO A LAKE & FOOT GOT STUCK ON LADDER INJURING HER RIGHT FOOT & LESSER TOE,,
250900671,"WAS ASSISTING HIS WIFE FROM THEIR BATHROOM AND WAS WALKING WHEN THEIR FEET GOT ""ENTANGLED"" AND HE FELL ON THE TILE FLOOR STRIKING HIS LEFT SHOULDER, ELBOW AND HIP. DENIES HEAD TRAUMA OR LOC. EXAM NOTES SMALL ABRASION TO RIGHT ELBOW.",,
250729399,"RUNNING AT DAYCARE AND FELL, HITTING HEAD ON A CUBBY.",,
250626068,WAS ANGRY AND SLAMMED HIS RIGHT HAND DOWN ON A DESK AT HOME AND CUT HAND,,
260222989,WITH NECK PAIN. HE WAS PUTTING HIS SHOES ON TO TAKE HIS DOG FOR A WALK WHEN HE LOOKED TO THE RIGHT AND THEN WAS UNABLE TURN HIS HEAD BACK TO THE LEFT.,,
250372964,HAD A HEAVY WOODEN DOOR AT SCHOOL CLOSED ONTO LEFT FIFTH FINGER,,
250628668,REPORTS HE WAS RIDING HIS BIKE WHEN HE CUT HIS LOWER LEG ON THE BIKE PEDAL. COMPLAINS OF REDNESS TO THE AREA.,,
250526010,WAS PLAYING IN THE KITCHEN WITH HER OLDER SISTER EARLIER THIS AFTERNOON SHE FELL FORWARD INTO A GLASS WINDOW PANE IN THE DOOR,,
250128326,WITH A LOWER ARM FRACTURE. SHE WAS CLIMBING FROM DINNER TABLE CHAIR AND FELL ONTO HER ARM.,,
250613798,"PRESENTS WITH PATIENT WAS RIDING HIS SCOOTER, HELMETED, AT A LOW SPEED WHEN HE RAN INTO A CAR DOOR THAT WAS OPEN. PATIENT PROBABLY FELL OFF OF HIS SCOOTER NEXT TO THE CAR, WAS NOT EJECTED FROM THE VEHICLE. HE FELL ONTO HIS RIGHT SIDE AND WAS HAVING PAIN TO THE RIGHT LOWER EXTREMITY. C/O OF KNEE AND SHOULDER PAIN.",,
260101926,PT WAS WALKING OUT OF THE HOUSE AS IT WAS WET OUTSIDE AND ALMOST SLIPPED AND CAUGHT HERSELF AND HIT HER LEFT ELBOW AGAINST THE WALL OF THE DOOR JAMB,,
250179018,HAS HISTORY OF SEVERE INTELLECTUAL DISABILITY AND WAS HITTING HIS HEAD ON A SHOWER HOOK THIS MORNING,,
250204686,ACCIDENTLY POKED SELF IN EYE WITH SCREWDRIVER,,
250330055,STATES THAT SHE WAS ATTEMPTING TO GRAB A DOORKNOB WHEN SHE HAD A FALL LANDING INTO THE BUSHES,,
250615476,"C/O PAIN TOP OF LEFT FOOT, CAME DOWN OF FOOT HARD WHILE STEPPING ON A STEP.",,
251001623,WAS RUNNING 1 DAY AGO WHEN HE FELL AND HIT LIP ON THE FLOOR.,,
250610366,PT PRESENTS WITH A LIP LACERATION. PT WAS RUNNING AT FULL SPEED ON THE FIELD AT SCHOOL WHEN HE FELL FORWARD AND HIT HIS MOUTH ON A BENCH; HIS FRONT TOOTH WITH THROUGH THE SKIN IMMEDITLY UNDER HIS LOWER LIP. LACERATION TO LIP.,,
250309674,SWALLOWED PENNY,,
250126782,PRESENTS FOR EVALUATION OF A LEFT ANKLE INJURY SUSTAINED AFTER SHE SLIPPED AND FELL EARLIER THIS EVENING. PATIENT DESCRIBES THE PROCESS OF BREAKING DOWN A CARDBOARD BOX WHEN SHE SLIPPED ON IT AND LOST HER FOOTING AND FELL SUSTAINING AN INJURY TO HER LEFT ANKLE.,,
250452666,FELL LAST NIGHT ON LEFT KNEE ONTO CONCRETE FLOOR. PATIENT IS ON BLOOD THINNERS.,,
250832580,"PRESENTS WITH LEFT LATERAL THIGH PAIN AND NUMBNESS, BEGINNING AROUND JULY 4TH. THE SYMPTOMS HAVE FLUCTUATED, WITH SOME IMPROVEMENT NOTED PREVIOUSLY, BUT HAVE RECENTLY WORSENED, POSSIBLY EXACERBATED BY FREQUENT PICKLEBALL ACTIVITY.",,
250805313,GROUND LEVEL FALL HIT HEAD ON FLOOR,,
250813468,"FELL AT STORE, WAS SITTING IN A CHAIR, WENT TO GET UP USING CRUTCHES, CHAIR SLIDE OPPOSITE DIRECTION CAUSING HER TO FALL ONTO CARPETED FLOOR HITTING RIGHT SHOULDER ON COUNTER AND BACK ON FLOOR. PAIN IN NECK, MID AND LOWER BACK.",,
251000293,"SLIPPED AND FELL BACKWARDS ON WET FLOOR LANDING ONTO BUTTOCKS, DENIES HEAD TRAUMA,",,
250359437,"PRESENTS AFTER FALL FROM BED. FALL NOT WITNESSED BUT MOTHER HEARD THE FALL AND FOUND PT ON FLOOR NEXT TO BED, FACE UP ON HARDWOOD FLOOR. HAD SOME BLEEDING FROM LEFT NARE.",,
250605275,"ACCIDENTALLY HIT HER HEAD AGAINST THE WALL IN THE MIDDLE OF THE NIGHT,",,
250834993,WAS PLAYING FOOTBALL AND WAS HIT IN THE HEAD BY A PLAYER,,
251226599,PATIENT WAS RUNNING IN THE HOUSE AND FELL AND HIT HEAD ON A COFFEE TABLE. GOT A CUT TO THE FOREHEAD WHICH BLED SIGNIFICANTLY. BLEEDING WAS CONTROLLED IN THE WAITING ROOM WITH PRESSURE.,,
250534233,TRIPPED ON A TOY AND HIT HIS MOUTH ON A WOODEN WINDOW SILL.,,
250813974,PRESENTS TO THE ED AFTER THE PATIENT WAS PLAYING AT HOME WITH SIBLING AND FELL HITTING FACE/HEAD ON DRESSER COMPLAINING OF RIGHT EYEBROW LACERATION.,,
250923295,PRESENTS TO THE ED AFTER THE PATIENT CUT RIGHT POINTER FINGER WITH A UTILITY KNIFE COMPLAINING OF LACERATION.,,
251006054,L EYE PAIN WHEN FALL IN BATHROOM HITTING HEAD AGAINST METAL TOWEL BAR,,
250334302,PRESENTS WITH A LACERATION TO HER CHIN AFTER A FALL WHILE ICE SKATING.,,
250371473,"REPORTS COMING DOWN THE STAIRS AND SLIPPED, TOES GOT CAUGHT, + TOE SWELLING.",,
251128402,"C/O LEFT 4TH TOE PAIN/SWELLING AFTER STUBBED IT AGAINST A BABY GATE,",,
250909436,"RACING AT SCHOOL, HIT FACE ON WALL",,
250704528,PRESENTS FOR BEHAVIORAL OUTBURST SINCE LAST NIGHT. PER MOM PT WITH HISTORY OF ASPERGERS AND AUTISM AND AROUND 9PM LAST NIGHT PT STARTED BEING DESTRUCTIVE AROUND THE HOUSE WITH KICKING STOMPING YELLING AND HITTING HIS HEAD WITH A FIGURINE,,
250730295,SLIPPED ON PORCH AND WENT TO GRAB THE RAILING TO CATCH HIMSELF AND THE SHOULDER POPPED OUT,,
251004288,FELL OFF MONKEY BARS.,,
250920067,WAS PLAYING FOOTBALL LAST WEEK WHEN HE TOOK A HARD HIT TO HIS HEAD.,,
250510228,PRESENTS FROM HOME WITH BURN TO FOOT AFTER ACCIDENTALLY SPILLING BOILING WATER JUST PTA.,,
250915770,HURT R LOWER LEG PLAYING FOOTBALL,,
250600852,GOT DIZZY IN THE KITCHEN AND GRABBED THE COUNTER AS SHE FELL STRIKING HER HEAD ON A RUBBER MAT,,
251020822,RT SHOULDER INJURY AFTER MECHANICAL TRIP & FALL WHILE PLAYING SOCCER.,,
250914337,"WAS PLAYING FOOTBALL ON MONDAY AND COLLIDED WITH A PLAYER, HE PLANTED THE FOOT, AND THE KNEE WAS FORCED AGAINST SUDDEN ROTATION.",,
250415283,PRESENTS WITH L FOOT PAIN THAT WAS DUE TO AN INJURY THAT OCCURRED AT 1400. THE PT RAN INTO A DOOR AND THE BOTTOM OF THE DOOR CUT UP HER FOOT. MOC APPLIED A MEDICAL BOOT TO THE PT AND WRAPPED THE PT'S FOOT.,,
250457828,FELL ON THE FLOOR MULTI TIMES. C/O CONT TO UPPER LEG & CONT TO LOWER LEG.,,
250265765,SLIPPED ON SOME STEPS OUTSIDE OF HIS HOUSE WHILE LETTING HIS DOGS OUT.,,
250521080,"C/O LEFT SIDED CHEST PAIN RADIATING DOWN THE ARM WHICH BEGAN WHILE PLAYING BASKETBALL,",,
250541079,FELL IN IN FLOOR AT NH,,
251124477,TRIPPED AND FELL WHILE OUT ON A WALK.,,
251015674,"INJURED HIS KNEE ON A SCREW THAT CAUSED LOCAL INFORMATION AND WHILE DOING PT EXERCISES PAIN GOT WORSE,",,
250444827,FELL TO THE FLOOR AND STRUCK FACE,,
250347158,"BROUGHT BY AMBULANCE FROM A FACILITY AFTER HE SUFFERED A FALL OUT OF BED, LANDED ONTO THE FLOOR, UNKNOWN IF STRUCK HEAD, NO THINNERS,",,
251220688,FALLING AND HITTING HEAD ON THE GYM FLOOR,,
250247124,FROM THE NURSING HOME HAD A MECHANICAL SLIP AND FALL TO THE FLOOR ONTO HEAD,,
250503828,FELL OFF A WALL.,,
250138608,"COMPLAINS OF TESTICULAR PAIN WHICH BEGAN 1HOUR PRIOR TO ARRIVAL, REPORTS SIMILAR SELF-RESOLVED EPISODE WHILE PLAYING SOCCER,",,
251031581,WAS STANDING ON THE COUCH WHEN HE FELL OVER AND LANDED ON CONCRETE FLOORING,,
250815891,PRESENTS TO THE ED FOR EVALUATION OF FINGER INJURY THAT OCCURRED AT THE TRAMPOLINE PARK TODAY AT 4:30 PM. HE WAS ATTEMPTING TO CATCH HIMSELF AFTER JUMPING/FALLING FORWARD,,
251012973,WAS RUNNING TO CATCH A SOFTBALL WHEN SHE FELL AND HIT HER ARM ON THE BRICK DUGOUT.,,
250911395,"REPORTS THAT HE WAS PLAYING GOLF WALKED OUTSIDE WHEN IT WAS DARK OUT MISSED A STEP AND FELL FORWARD STRIKING FACE RESULTING IN SMALL LACERATION TO THE BRIDGE OF NOSE, NO LOC,",,
251004246,JUMPED ONTO MOM AND THEN FELL OFF BED THAT WAS WAIST HIGH. PT HIT BEDSIDE TABLE AND THE FLOOR,,
250820375,FELL AND HIT HER HEAD ON A TABLE.,,
250702414,WAS SITTING ON THE TOILET AND HAD SYNCOPE AND FELL TO THE FLOOR,,
250500453,PRESENTS WITH LOWER LEG FRACTURE S/P WAS JUMPING ON THE COUCH AND HOME AND FELL OFF OF IT ONTO FLOOR.,,
250617479,PRESENTS WITH LEFT KNEE PAIN AFTER HE SLIPPED ON HIS LAST STEP AND HE ATTEMPTED TO STOP THE FALL AND REACH HIS LEFT LEG OUT BUT HEARD A POP AND DID FALL TO THE GROUND.,,
251117025,TWISTED FOOT DURING EXERCISE ACTIVITY TODAY.,,
250510561,FELL OUT OF SHOWER.,,
250206337,HAD A MECHANICAL SLIP AND FALL OVER A LARGE PIPE THAT WAS STICKING OUT OF THE GROUND,,
250110600,"PRESENT WITH ANKLE PAIN AND SWELLING AFTER INVERTED IT ON A STEP WHILE WALKING DOWN THE STAIRS LAST NIGHT,",,
250805629,"BROUGHT FROM HOME WHERE SHE WAS IN THE BATHROOM HELPING HER HUSBAND WHEN BECAME LIGHTHEADED WITH THE ROOM SPINNING SENSATIONS PASSED OUT AND FELL TO THE FLOOR, UNSURE IF SHE HIT HER HEAD, NO AVERT SIGN OF EXTERNAL INJURY,",,
251004427,FELL OFF OF A BUNK BED ABOUT 5 FEET ONTO HEAD,,
250224077,PRESENTS TO THE ED WITH A LIP LACERATION. PT STATES HE WAS DOING A TRICK WHILE SKIING AND FELL. STRUCK HIS FACE ON SNOW.,,
250818508,WAS RIDING OTHER KID'S SCOOTER WITHOUT A HEAD HELMET WHEN HE FELL ON HIS RIGHT ARM,,
250207125,"COMING IN COMPLAINING OF CHEST PAIN OVER THE PAST DAY, STATES SYMPTOMS CAME ON WHEN SWEEPING HIS DRIVEWAY AND AGAIN ON HIS EXERCISE MACHINE,",,
251127651,"WAS PLAYING SOCCER WHEN ANOTHER PLAYER COLLIDED WITH HER, C/O HEADACHE AND RIGHT EYE PAIN,",,
260101619,CUT RT RING FINGER WITH A KNIFE WHEN CUTTING CHICKEN.,,
250246312,PRESENTS AFTER A FALL OFF THE BED AND HITTING HIS HEAD ON A TABLE.,,
250422440,ACCIDENTALLY SWALLOWED A MARBLE,,
250822540,PRESENTS AFTER HE WAS IN THE PLAYGROUND GOING UP THE SLIDE WHEN HE SLIPPED AND BANGED HIS CHIN ON THE SLIDE.,,
250627330,"PRESENTS WITH FACE PAIN. REPORTS AT 5:30PM LEFT SIDE OF ANOTHER SOCCER PLAYERS HEAD HIT THE RIGHT SIDE OF HIS FACE, JUST ABOVE THE CHEEKBONE. NO LOC.",,
251035851,"P/W FALL, PT STATES HE HIT HIS HEAD ON BLEACHERS WHILE PLAYING BASKETBALL, C/O LAC TO TEMPORAL AREA,",,
260104110,PRESENTS FOR RIGHT KNEE AND HIP PAIN AFTER SHE FELL FROM BED WHILE REACHING FOR A SANDWICH AND HIT HER RIGHT SIDE.,,
250602669,PUTTING ON PANTS AND KICKED PT ON THE HEAD.,,
250821225,"PRESENTS WITH THE RIGHT FOOT PAIN AFTER KICKING A WALL LAST NIGHT AND REPORTS GETTING HIS HAND CAUGHT ON A FENCE DURING THE SAME INCIDENTS RESULTING IN ABRASIONS AND OPEN CUTS TO THE RIGHT HAND,",,
250441374,WAS WALKING DOWN SOME STAIRS AND TRIPPED ON THE CARPET AND FELL.,,
260206620,"REPORTS WAS IN THE SHOWER, HIS KNEE GAVE OUT CAUSING HIM TO FALL, NOW WITH CHEST PAIN.",,
250515850,"FROM HOME, WAS BENDING OVER PICKING UP TRASH ON THE FLOOR WHEN WASN'T ABLE TO STAND UP DUE TO WEAKNESS,",,
251008773,SLIPPED & FELL ON THE FLOOR IN HIS NURSING HOME.,,
250830638,"PRESENTS WITH BLEEDING FROM THE LATERAL PLANTER SURFACE OF FEET AFTER USING A RAZOR TO CUT HER CALLUSES,",,
260106037,PRESENTS WITH HIP PAIN AFTER TRIPPING AND FALLING OVER A DIVIDER AT THE CASINO.,,
250832194,WAS WATERING HER PLANTS WHEN SHE TRIPPED OVER THE HOSE AND FELL ON HER RIGHT HIP,,
250124359,HAD A SLIP AND FALL IN THE BATHTUB LANDING ONTO HER BOTTOM,,
251109388,"REPORTS SMOKE IN HIS APARTMENT FROM A FIRE ELSEWHERE IN THE BUILDING, WAS IN THE SMOKE FOR AROUND 10-15MIN, FD?",,
250540877,WAS RIDING HER BICYCLE AND DEVELOPED PAIN IN HER CHEST,,
251132046,TRIPPED OVER CONSTRUCTION TAPE AT A HOTEL.,,
251010204,JUMPED OFF THE BED LANDING ONTO LEFT LOWER LEG,,
250268456,"HIT BACK OF ANKLE ON BUNK BED LADDER,",,
251035608,"FROM HOME AFTER SMOKING A LOT OF THC PASSED OUT AND FELL HITTING HEAD ONTO A WALL,",,
251222533,FELL OUT OF CHAIR TO FLOOR,,
250266867,"STATES HE HAD A LOT OF ALCOHOL TODAY, WAS UNSTABLE IN THE BATHROOM AND FELL LANDING ON THE TOILET AND BREAKING IT. BAL 325.",,
260108307,PATIENT STATES THAT HE ACCIDENTALLY CUT HIS LEFT HAND AND LEFT SECOND FINGER WITH A STRAIGHT EDGED KNIFE WHILE CUTTING ONIONS,,
250321697,STATES THAT SHE TRIPPED OVER HER MOM'S DOG LEASH STRIKING HER HEAD ON A CAR BUMPER AND THEN FELL ONTO THE CEMENT GARAGE FLOOR STRIKING HEAD,,
260219917,"PRESENT TO ED S/P UNWITNESSED FALL. PT WAS ASLEEP REMEMBERS HER PANTS BEING WET, NEXT THING SHE WOKE UP ON THE FLOOR. STAFF HEARD PT CALL FOR HELP FOUND HER LYING ON THE FLOOR W/ HER SOILED CLOTHING LYING NEXT TO HER DOWNTIME WAS UNKNOWN. ENDORSING NECK/HEAD PX.",,
250813208,"PRESENTS FOR EVALUATION OF NON-RADIATING ABDOMINAL PAIN THAT BEGAN WHILE DANCING THE SAMBA,",,
250523119,"PT @ HOME RUNNING DOWN THE HALLWAY, FELL DOWN FLIGHT OF 13 STAIRS",,
250345678,C/O HAND INJURY S/P PATIENT STATES THAT SHE WAS PLAYING VOLLEYBALL PRIOR TO ARRIVAL WHEN SHE JAMMED HER RIGHT FINGER.,,
250730394,"PLAYING SOFTBALL, DEVELOPED RAPID HEARTRATE WITH NEAR SYNCOPE",,
250710614,"PRESENTS WITH ACUTE ONSET OF PRURITUS, FACIAL WARMTH AND FLUSHING, AND DIFFUSE URTICARIAL RASH AFTER SPENDING TIME IN A HOT TUB ON THE FIRST DAY OF HIS HONEYMOON.",,
250925905,"RIDING A BIKE WITHOUT HELMET WHEN GOT STRUCK BY A CAR AND FLEW OVER HANDLEBARS LANDING ONTO THE SIDEWALK, HAS ABRASIONS TO THE RIGHT FOREARM AND COMPLAINING OF RIB PAIN, DENIES HEAD TRAUMA OR LOC,",,
250828088,"PRESENT TO ED FOR ABNORMAL BEHAVIOR, PT HAD A FALL YESTERDAY EVENING FELT DIZZY FELL OUT OF BED NO LOC DENIES HEADACHE AT FIRST BUT APPEARS IN DISTRESS AND WIFE CONFIRMS HE HAS PAIN, LATER IN INTERVIEW PATIENT ADMITS HEAD PAIN. PATIENT HAS NECK PAIN AS WELL. PATIENT HAS UNSTEADY GATE. PATIENT APPEARS CONFUSED, LIMITED CONVERSATION, WITH ALTERED MENTAL STATUS.",,
250628146,GOT FOOT CAUGHT IN A BIKE WHEEL.,,
250601666,CUT HIS RIGHT HEEL ON A METAL BASKET LAST NIGHT,,
250343819,FELL OFF TOILET,,
250919033,WITH ANKLE PAIN. PLAYING FOOTBALL TODAY WHEN SHE FELL TURNING HER LEFT ANKLE.,,
251115936,WITH BACK PAIN. REPORTS INCREASED PHYSICAL ACTIVITY INCLUDING CLEANING THE FLOOR AND MOVING SOME OBJECTS.,,
250443492,FELL ONTO A CHAIR.,,
251029260,"WITH A CONCUSSION AND A HIP FRACTURE. PATIENT WAS IN AN ARENA RIDING ON A HORSE WITH ANOTHER PERSON, SHE WAS IN THE BACK. THEY WERE GOING AROUND A TURN AND THE PATIENT AND THE OTHER RIDER FELL OFF THE HORSE. THEY WERE NOT THROWN OFF OF THE HORSE, BUT RATHER SLIPPED OFF. THE PATIENT HIT THE RIGHT SIDE OF HER HEAD ON A METAL FENCE.",,
250169297,PRESENTS AFTER CUTTING HIS LEFT POINTER FINGER WHILE CUTTING SOME MEAT WITH A KNIFE.,,
