column,inferred_type,row_count,non_missing_count,missing_count,missing_percent,distinct_non_missing_count,sample_values
CPSC_Case_Number,int64,410201,410201,0,0.0,410201,250102066 | 250102073 | 250102084
Treatment_Date,datetime64[ns],410201,410201,0,0.0,365,2025-01-01 00:00:00 | 2025-01-02 00:00:00 | 2025-01-03 00:00:00
Age,int64,410201,410201,0,0.0,131,47 | 64 | 56
Sex,int64,410201,410201,0,0.0,3,2 | 1 | 0
Race,int64,410201,410201,0,0.0,7,2 | 1 | 4
Other_Race,object,410201,15052,395149,96.33,85,N/S | BIRACIAL | HISPANIC
Hispanic,int64,410201,410201,0,0.0,3,2 | 1 | 0
Body_Part,int64,410201,410201,0,0.0,26,36 | 37 | 75
Diagnosis,int64,410201,410201,0,0.0,30,59 | 64 | 62
Other_Diagnosis,object,410201,101204,308997,75.33,4302,PAIN | TRAUMATIC RHABDOMYOLYSIS | N/S
Body_Part_2,float64,410201,96775,313426,76.41,26,34.0 | 75.0 | 79.0
Diagnosis_2,float64,410201,96775,313426,76.41,30,71.0 | 53.0 | 57.0
Other_Diagnosis_2,object,410201,27008,383193,93.42,1249,PAIN | RIB PAIN | INJURY
Disposition,int64,410201,410201,0,0.0,7,1 | 6 | 5
Location,int64,410201,410201,0,0.0,9,0 | 5 | 1
Fire_Involvement,int64,410201,410201,0,0.0,4,0 | 3 | 2
Product_1,int64,410201,410201,0,0.0,767,4076 | 1842 | 466
Product_2,int64,410201,410201,0,0.0,670,1807 | 1829 | 4056
Product_3,int64,410201,410201,0,0.0,438,0 | 1807 | 1884
Alcohol,int64,410201,410201,0,0.0,2,0 | 1
Drug,int64,410201,410201,0,0.0,2,0 | 1
Narrative_1,object,410201,410201,0,0.0,409099,47YOF C/O RIGHT LEG LACERATION.  WAS GETTING INTO BED THIS EVENING AND TRIPPED HITTING HER LEFT LEG CONDITIONER THAT WAS... | 64YOM C/O ANKLE PAIN AND RIGHT WRIST PAIN AFTER MISSING 2 STEPS AND INVERTING HIS ANKLE.  HIT RIGHT HAND ON A RAILING AT... | 56YOM C/O HEAD INJURY.  LARGE POT FELL OFF A SHELF YESTERDAY AND HIT HIM IN THE HEAD CAUSING HIM TO FALL TO THE GROUND. ...
Stratum,object,410201,410201,0,0.0,5,M | S | L
PSU,int64,410201,410201,0,0.0,77,200 | 97 | 74
Weight,float64,410201,410201,0,0.0,13,46.4246 | 101.4187 | 51.8171
